coding	1
programming	1
linux	1
netsec	1
web_design	1
math	1
software	1
Python	1
opensource	1
Ubuntu	1
compsci	1
javascript	1
webdev	1
PHP	1
ruby	1
haskell	1
hardware	1
google	1
firefox	1
tech	1
browsers	1
androiddev	1
baconreader	1
linux4noobs	1
cpp	1
vim	1
hackers	1
ReverseEngineering	1
java	1
django	1
linux_gaming	1
perl	1
archlinux	1
gnu	1
linuxquestions	1
kde	1
commandline	1
git	1
fossworldproblems	1
libredesign	1
debian	1
learnprogramming	1
webdesign	1
Wordpress	1
lisp	1
emacs	1
ComputerSecurity	1
Database	1
HackBloc	1
BSD	1
erlang	1
windows	1
microsoft	1
computing	1
chrome	1
redditdev	1
AppEngine	1
node	1
freeculture	1
hacking	1
Clojure	1
rails	1
dotnet	1
html5	1
joel	1
scientology	1
raspberry_pi	1
Cyberpunk	1
Fallout	1
l33t	1
web2	1
request	1
gonewild	2
nsfw	2
gentlemanboners	2
Sexy	2
Boobies	2
LegalTeens	2
RealGirls	2
ass	2
NSFW_nospam	2
pornography	2
Amateur	2
ginger	2
milf	2
voluptuous	2
Xsmall	2
pornvids	2
NSFW_GIF	2
thick	2
GirlswithGlasses	2
redheads	2
nsfw2	2
treesgonewild	2
GoneWildPlus	2
randomsexiness	2
AsianHotties	2
girlsinyogapants	2
HIFW	2
Celebs	2
hardbodies	2
WomenOfColor	2
Blowjobs	2
hugeboobs	2
SexyButNotPorn	2
dirtysmall	2
HighHeels	2
Upskirt	2
girlskissing	2
HIPSTERGURLZ	2
Tgirls	2
nsfwvideos	2
realasians	2
PrettyGirls	2
OnOff	2
VolleyballGirls	2
nsfw_gifs	2
Hotchickswithtattoos	2
happygirls	2
nsfwoutfits	2
shorthairedhotties	2
cumsluts	2
HairyPussy	2
violentacrez	2
gonewildstories	2
ScarlettJohansson	2
passionx	2
worldnews	3
reddit.com	3
politics	3
science	3
technology	3
entertainment	3
news	3
business	3
Economics	3
environment	3
Libertarian	3
obama	3
worldpolitics	3
economy	3
Health	3
conspiracy	3
books	3
cogsci	3
philosophy	3
history	3
energy	3
psychology	3
Military	3
government	3
Green	3
Freethought	3
education	3
writing	3
literature	3
911truth	3
Liberty	3
AmericanPolitics	3
usa	3
selfhelp	3
wine	3
law	3
Israel	3
AmericanGovernment	3
conspiracies	3
sociology	3
USPE08	3
PalinProblem	3
evolution	3
Poetry	3
WritersGroup	3
nonprofit	3
Cryptogon	3
independent	3
WorldWideNews	3
astro	3
gaming	4
fffffffuuuuuuuuuuuu	4
Minecraft	4
skyrim	4
tf2	4
Games	4
pokemon	4
wow	4
gamernews	4
gamedev	4
masseffect	4
truegaming	4
IndieGaming	4
dwarffortress	4
Terraria	4
civ	4
swtor	4
oblivion	4
gamingnews	4
GameRanks	4
gamemusic	4
Playdate	4
tf2trade	4
NewToTF2	4
RUGC	4
GameDeals	4
pcgaming	4
Guildwars2	4
patientgamers	4
ludology	4
Tribes	4
gamecollecting	4
Rift	4
darksouls	4
rpg_gamers	4
steamdeals	4
magicTCG	4
boardgames	4
computergraphics	4
chiptunes	4
roguelikes	4
freegames	4
Borderlands	4
AskReddit	5
bestof	5
IAmA	5
todayilearned	5
DoesAnybodyElse	5
self	5
askscience	5
TrueReddit	5
YouShouldKnow	5
shutupandtakemymoney	5
explainlikeimfive	5
answers	5
skeptic	5
somethingimade	5
proper	5
DepthHub	5
tldr	5
Documentaries	5
PhilosophyofScience	5
Foodforthought	5
TheoryOfReddit	5
worldevents	5
indepthstories	5
StateOfTheUnion	5
PropagandaPosters	5
moderatepolitics	5
IWantToLearn	5
AcademicPhilosophy	5
StandUpComedy	5
China	5
SomebodyMakeThis	5
culturalstudies	5
TheAgora	5
RepublicOfNews	5
misc	5
hardscience	5
subredditoftheday	5
americanpirateparty	5
whatsthisbug	5
NonAustrianEconomics	5
pics	6
funny	6
videos	6
atheism	6
AdviceAnimals	6
aww	6
circlejerk	6
firstworldproblems	6
movies	6
gifs	6
4chan	6
LifeProTips	6
community	6
scifi	6
gameofthrones	6
vertical	6
harrypotter	6
mylittlepony	6
Inglip	6
StarWars	6
television	6
breakingbad	6
doctorwho	6
thewalkingdead	6
Dogfort	6
firefly	6
startrek	6
asoiaf	6
Sherlock	6
Dexter	6
AlisonBrie	6
BSG	6
EFLcomics	6
Stargate	6
whedon	6
radiohead	6
EarthPorn	7
HistoryPorn	7
QuotesPorn	7
spaceporn	7
MapPorn	7
AbandonedPorn	7
DesignPorn	7
quotes	7
CityPorn	7
HumanPorn	7
RoomPorn	7
MachinePorn	7
waterporn	7
DestructionPorn	7
AnimalPorn	7
VillagePorn	7
BotanicalPorn	7
SkyPorn	7
aviation	7
GeekPorn	7
AdrenalinePorn	7
InfrastructurePorn	7
bookporn	7
AskHistorians	7
MilitaryPorn	7
longboarding	7
WTF	8
offbeat	8
comics	8
humor	8
geek	8
gadgets	8
video	8
wikipedia	8
Art	8
happy	8
lolcats	8
photos	8
Pictures	8
xkcd	8
Bacon	8
howto	8
lists	8
nature	8
craigslist	8
redditchan	8
youtube	8
pic	8
cute	8
bestofcraigslist	8
lol	8
occupywallstreet	9
Anarchism	9
socialism	9
progressive	9
WikiLeaks	9
SOPA	9
Anarcho_Capitalism	9
Liberal	9
PoliticalHumor	9
AnythingGoesNews	9
EndlessWar	9
darknetplan	9
anonymous	9
rpac	9
AnarchistNews	9
Occupy	9
alltheleft	9
SOS	9
ACTA	9
2012Elections	9
PoliticalDiscussion	9
democrats	9
Bitcoin	9
antiwar	9
halloween	9
tattoos	10
classicrage	10
reactiongifs	10
ragenovels	10
cats	10
Demotivational	10
catpictures	10
LadyBoners	10
nostalgia	10
toosoon	10
TrollXChromosomes	10
facepalm	10
adventuretime	10
MakeupAddiction	10
RedditLaqueristas	10
dolan	10
calvinandhobbes	10
Bestof2011	10
cosplay	10
teenagers	10
SpideyMeme	10
ladybonersgw	10
ImGoingToHellForThis	10
corgi	10
GirlGamers	10
TwoXChromosomes	11
lgbt	11
MensRights	11
sex	11
women	11
feminisms	11
Equality	11
OneY	11
Feminism	11
transgender	11
actuallesbians	11
gaymers	11
ainbow	11
penis	11
SexPositive	11
gaybears	11
racism	11
trees	12
woahdude	12
Marijuana	12
Drugs	12
treecomics	12
Bad_Cop_No_Donut	12
cannabis	12
Psychonaut	12
MMJ	12
nugs	12
trippy	12
LSD	12
BurningMan	12
socialmedia	13
celebrities	13
gossip	13
Animals	13
SEO	13
crime	13
Twitter	13
facebook	13
marketing	13
Internet	13
Blogging	13
productivity	13
digg	13
Frugal	14
collapse	14
DIY	14
gardening	14
BuyItForLife	14
Anticonsumption	14
SelfSufficiency	14
Permaculture	14
homestead	14
woodworking	14
knives	14
PostCollapse	14
mycology	14
apple	15
newreddits	15
iphone	15
AlienBlue	15
mac	15
ipad	15
applehelp	15
osx	15
Enhancement	15
jailbreak	15
WebGames	15
shamelessplug	15
Fitness	16
loseit	16
running	16
keto	16
Paleo	16
fitmeals	16
fitnesscirclejerk	16
crossfit	16
BTFC	16
weightroom	16
progresspics	16
BarefootRunning	16
electronicmusic	17
dubstep	17
aves	17
futurebeats	17
DJs	17
DnB	17
trance	17
electrohouse	17
realdubstep	17
futuregarage	17
House	17
futurama	18
arresteddevelopment	18
TheSimpsons	18
ArcherFX	18
PandR	18
southpark	18
DunderMifflin	18
IASIP	18
lost	18
HIMYM	18
madmen	18
rpg	19
Fantasy	19
kindle	19
alternativeart	19
ImaginaryLandscapes	19
worldbuilding	19
Warhammer	19
SpecArt	19
ImaginaryMonsters	19
printSF	19
steampunk	19
space	20
Physics	20
Astronomy	20
spaceflight	20
biology	20
neuro	20
chemistry	20
science2	20
geology	20
medicine	20
Music	21
WeAreTheMusicMakers	21
Jazz	21
musictheory	21
edmproduction	21
audioengineering	21
Learnmusic	21
museum	21
classicalmusic	21
drums	21
sports	22
nfl	22
baseball	22
nba	22
CFB	22
fantasyfootball	22
CollegeBasketball	22
chicago	22
GreenBayPackers	22
wisconsin	22
guns	23
travel	23
Autos	23
motorcycles	23
auto	23
cars	23
TopGear	23
formula1	23
carporn	23
BMW	23
food	24
FoodPorn	24
Cooking	24
recipes	24
tonightsdinner	24
eatsandwiches	24
spicy	24
fffffffuuuuuuuuuuuud	24
Pizza	24
creepy	25
nosleep	25
spacedicks	25
Jokes	25
zombies	25
horror	25
Gore	25
nsfw_wtf	25
Lovecraft	25
Christianity	26
religion	26
islam	26
DebateAChristian	26
DebateAnAtheist	26
DebateReligion	26
TheFacebookDelusion	26
aaaaaatheismmmmmmmmmm	26
ShitRedditSays	27
ideasfortheadmins	27
reportthespammers	27
modhelp	27
SubredditDrama	27
SRSDiscussion	27
redditrequest	27
modnews	27
starcraft	28
leagueoflegends	28
Diablo	28
DotA2	28
HeroesofNewerth	28
starcraft2	28
day9	28
iiiiiiitttttttttttt	29
sysadmin	29
networking	29
talesfromtechsupport	29
cableporn	29
ipv6	29
wicked_edge	29
Conservative	30
Republican	30
new_right	30
overpopulation	30
tea_party	30
WhiteRights	30
niggers	30
xbox360	31
PS3	31
codbo	31
mw3	31
MW2	31
halo	31
golf	31
Metal	32
treemusic	32
punk	32
stonerrock	32
progmetal	32
postrock	32
r4r	33
UniversityofReddit	33
OkCupid	33
forhire	33
jobs	33
freelance	33
architecture	34
robotics	34
Transhuman	34
urbanplanning	34
singularity	34
Nootropics	34
Survival	35
climbing	35
Survivalist	35
CampingandHiking	35
skiing	35
Outdoors	35
MachineLearning	36
sysor	36
statistics	36
learnmath	36
aiclass	36
cheatatmathhomework	36
Android	37
googleplus	37
androidapps	37
AndroidQuestions	37
androidthemes	37
malefashionadvice	38
GetMotivated	38
frugalmalefashion	38
malelifestyle	38
malehairadvice	38
Favors	39
tipofmytongue	39
Assistance	39
Youngluck	39
Random_Acts_Of_Pizza	39
relationship_advice	40
seduction	40
relationships	40
needadvice	40
confession	40
shittyaskscience	41
fifthworldproblems	41
theredditor	41
FifthWorldPics	41
CrappyDesign	41
Design	42
design_critiques	42
designthought	42
typography	42
graphic_design	42
canada	43
hockey	43
toronto	43
vancouver	43
montreal	43
cordcutters	44
cyberlaws	44
torrents	44
Piracy	44
trackers	44
freebies	45
buildapc	45
battlestations	45
techsupport	45
buildapcsales	45
zelda	46
TheLastAirbender	46
3DS	46
nintendo	46
wii	46
Portal	47
gameswap	47
Steam	47
SteamGameSwap	47
playitforward	47
unitedkingdom	48
europe	48
ukpolitics	48
BritishTV	48
london	48
sanfrancisco	49
bayarea	49
California	49
LosAngeles	49
orangecounty	49
blog	50
announcements	50
ColbertRally	50
OperationGrabAss	50
listentothis	51
coversongs	51
ifyoulikeblank	51
mashups	51
secretsanta	52
meetup	52
reddittraveljetblue	52
redditisland	52
itookapicture	53
photography	53
IDAP	53
photocritique	53
RedditThroughHistory	54
metacirclejerk	54
metametacirclejerk	54
ggggg	54
worstof	55
drunk	55
shittyadvice	55
cripplingalcoholism	55
investing	56
finance	56
personalfinance	56
FinancialPlanning	56
anime	57
japan	57
manga	57
LearnJapanese	57
bicycling	58
MTB	58
FixedGearBicycle	58
cycling	58
climateskeptics	59
RenewableEnergy	59
climate	59
media	59
lostgeneration	60
Seattle	60
Cascadia	60
Portland	60
fashion	61
InteriorDesign	61
minimalism	61
simpleliving	61
Buddhism	62
ZenHabits	62
Meditation	62
zen	62
Baking	63
budgetfood	63
Breadit	63
Cheap_Meals	63
Austin	64
texas	64
houston	64
Dallas	64
battlefield3	65
badcompany2	65
Deusex	65
webcomics	66
comicbooks	66
batman	66
Guitar	67
guitarlessons	67
Bass	67
hiphopheads	68
hiphop	68
rap	68
ronpaul	69
EnoughPaulSpam	69
conspiratard	69
soccer	70
MLS	70
football	70
wallpapers	71
wallpaper	71
gif	71
ForeverAlone	72
depression	72
SuicideWatch	72
lectures	73
tedtalks	73
ted	73
beer	74
Homebrewing	74
beerporn	74
engineering	75
AskEngineers	75
EngineeringStudents	75
linguistics	76
Anthropology	76
Archaeology	76
mcservers	77
MinecraftInventions	77
mcpublic	77
Pets	78
dogs	78
dogpictures	78
Graffiti	79
stencils	79
beards	79
ECE	80
electronics	80
arduino	80
Screenwriting	81
Filmmakers	81
WeAreTheFilmMakers	81
Bondage	82
BDSMcommunity	82
bdsm	82
vegan	83
veg	83
Vegetarianism	83
languagelearning	84
IWantOut	84
ILiveIn	84
banana	85
rule34	85
pickle	85
AlbumArtPorn	86
MoviePosterPorn	86
AdPorn	86
vinyl	87
audiophile	87
audio	87
asmr	88
Frisson	88
ArtisanVideos	88
Subreddit1	89
Subreddit2	89
Eve	90
evedreddit	90
ancientworldproblems	91
thirdworldproblems	91
UFOs	92
Paranormal	92
startups	93
Entrepreneur	93
tea	94
Coffee	94
Parenting	95
daddit	95
australia	96
melbourne	96
moviecritic	97
tvcritic	97
NetflixBestOf	98
netflix	98
Images	99
AnythingGoesPics	99
amiugly	100
AmISexy	100
privacy	101
porn	101
ireland	102
rugbyunion	102
skateboarding	103
snowboarding	103
ProjectEnrichment	104
ProjectReddit	104
de	105
germany	105
SquaredCircle	106
prowrestling	106
